Date,Close
29-06-2010,23.889999
30-06-2010,23.83
01-07-2010,21.959999
02-07-2010,19.200001
06-07-2010,16.110001
07-07-2010,15.8
08-07-2010,17.459999
09-07-2010,17.4
12-07-2010,17.049999
13-07-2010,18.139999
14-07-2010,19.84
15-07-2010,19.889999
16-07-2010,20.639999
19-07-2010,21.91
20-07-2010,20.299999
21-07-2010,20.219999
22-07-2010,21
23-07-2010,21.290001
26-07-2010,20.950001
27-07-2010,20.549999
28-07-2010,20.719999
29-07-2010,20.35
30-07-2010,19.940001
02-08-2010,20.92
03-08-2010,21.950001
04-08-2010,21.26
05-08-2010,20.450001
06-08-2010,19.59
09-08-2010,19.6
10-08-2010,19.030001
11-08-2010,17.9
12-08-2010,17.6
13-08-2010,18.32
16-08-2010,18.780001
17-08-2010,19.15
18-08-2010,18.77
19-08-2010,18.790001
20-08-2010,19.1
23-08-2010,20.129999
24-08-2010,19.200001
25-08-2010,19.9
26-08-2010,19.75
27-08-2010,19.700001
30-08-2010,19.870001
31-08-2010,19.48
01-09-2010,20.450001
02-09-2010,21.059999
03-09-2010,21.049999
07-09-2010,20.540001
08-09-2010,20.9
09-09-2010,20.709999
10-09-2010,20.17
13-09-2010,20.719999
14-09-2010,21.120001
15-09-2010,21.98
16-09-2010,20.940001
17-09-2010,20.23
20-09-2010,21.059999
21-09-2010,20.77
22-09-2010,19.870001
23-09-2010,19.559999
24-09-2010,20.1
27-09-2010,20.530001
28-09-2010,21.4
29-09-2010,21.98
30-09-2010,20.41
01-10-2010,20.6
04-10-2010,20.99
05-10-2010,21.120001
06-10-2010,20.459999
07-10-2010,20.43
08-10-2010,20.43
11-10-2010,20.24
12-10-2010,20.24
13-10-2010,20.540001
14-10-2010,20.75
15-10-2010,20.540001
18-10-2010,20.23
19-10-2010,20.049999
20-10-2010,20.65
21-10-2010,20.75
22-10-2010,20.719999
25-10-2010,20.85
26-10-2010,21.360001
27-10-2010,21
28-10-2010,21.190001
29-10-2010,21.84
01-11-2010,21.41
02-11-2010,21.25
03-11-2010,21.77
04-11-2010,24.9
05-11-2010,24.440001
08-11-2010,24.98
09-11-2010,24.629999
10-11-2010,29.360001
11-11-2010,28.040001
12-11-2010,29.84
15-11-2010,30.799999
16-11-2010,29.67
17-11-2010,29.49
18-11-2010,29.889999
19-11-2010,30.99
22-11-2010,33.400002
23-11-2010,34.57
24-11-2010,35.470001
26-11-2010,35.32
29-11-2010,34.330002
30-11-2010,35.330002
01-12-2010,34.349998
02-12-2010,32.349998
03-12-2010,31.49
06-12-2010,30.309999
07-12-2010,31.559999
08-12-2010,32.369999
09-12-2010,32.049999
10-12-2010,31.52
13-12-2010,30.549999
14-12-2010,28.530001
15-12-2010,29.6
16-12-2010,30.809999
17-12-2010,31.360001
20-12-2010,31.700001
21-12-2010,32.259998
22-12-2010,32.630001
23-12-2010,30.09
27-12-2010,25.549999
28-12-2010,26.41
29-12-2010,27.73
30-12-2010,26.5
31-12-2010,26.629999
03-01-2011,26.620001
04-01-2011,26.67
05-01-2011,26.83
06-01-2011,27.879999
07-01-2011,28.24
10-01-2011,28.450001
11-01-2011,26.959999
12-01-2011,26.959999
13-01-2011,26.219999
14-01-2011,25.75
18-01-2011,25.639999
19-01-2011,24.030001
20-01-2011,22.620001
21-01-2011,23.040001
24-01-2011,24.49
25-01-2011,24.68
26-01-2011,24.75
27-01-2011,24.92
28-01-2011,24.01
31-01-2011,24.1
01-02-2011,23.91
02-02-2011,23.940001
03-02-2011,23.629999
04-02-2011,23.459999
07-02-2011,23.07
08-02-2011,24.49
09-02-2011,23.209999
10-02-2011,23.219999
11-02-2011,23.25
14-02-2011,23.08
15-02-2011,22.84
16-02-2011,24.73
17-02-2011,23.6
18-02-2011,23.18
22-02-2011,21.870001
23-02-2011,21.83
24-02-2011,22.530001
25-02-2011,23.610001
28-02-2011,23.889999
01-03-2011,23.940001
02-03-2011,24.02
03-03-2011,24.360001
04-03-2011,24.950001
07-03-2011,24.940001
08-03-2011,24.66
09-03-2011,24.719999
10-03-2011,24.01
11-03-2011,24.07
14-03-2011,23.25
15-03-2011,22.950001
16-03-2011,22.82
17-03-2011,22.809999
18-03-2011,22.959999
21-03-2011,22.73
22-03-2011,22.190001
23-03-2011,22.209999
24-03-2011,22.33
25-03-2011,22.75
28-03-2011,23.25
29-03-2011,23.92
30-03-2011,23.709999
31-03-2011,27.75
01-04-2011,26.66
04-04-2011,25.83
05-04-2011,26.700001
06-04-2011,26.49
07-04-2011,27.24
08-04-2011,26.49
11-04-2011,25.27
12-04-2011,24.65
13-04-2011,24.93
14-04-2011,25.139999
15-04-2011,25.58
18-04-2011,25.030001
19-04-2011,25.16
20-04-2011,25.75
21-04-2011,26.74
25-04-2011,26.389999
26-04-2011,26.93
27-04-2011,27.08
28-04-2011,27.66
29-04-2011,27.6
02-05-2011,27.450001
03-05-2011,26.870001
04-05-2011,26.690001
05-05-2011,26.440001
06-05-2011,27.120001
09-05-2011,27.91
10-05-2011,28.33
11-05-2011,27.07
12-05-2011,27.67
13-05-2011,27.549999
16-05-2011,26.6
17-05-2011,25.959999
18-05-2011,26.35
19-05-2011,28.200001
20-05-2011,27.969999
23-05-2011,26.82
24-05-2011,26.719999
25-05-2011,28.98
26-05-2011,29.48
27-05-2011,29.549999
31-05-2011,30.139999
01-06-2011,28.52
02-06-2011,28.76
03-06-2011,30.129999
06-06-2011,28.700001
07-06-2011,28.370001
08-06-2011,27.120001
09-06-2011,27.620001
10-06-2011,27.860001
13-06-2011,28.43
14-06-2011,28.6
15-06-2011,27.32
16-06-2011,26.5
17-06-2011,26.5
20-06-2011,26.01
21-06-2011,27.530001
22-06-2011,27.209999
23-06-2011,27.709999
24-06-2011,27.57
27-06-2011,27.459999
28-06-2011,28.110001
29-06-2011,28.290001
30-06-2011,29.129999
01-07-2011,29.02
05-07-2011,29.139999
06-07-2011,28.959999
07-07-2011,29.73
08-07-2011,28.809999
11-07-2011,28.35
12-07-2011,28.17
13-07-2011,28.639999
14-07-2011,27.610001
15-07-2011,27.58
18-07-2011,27.23
19-07-2011,27.889999
20-07-2011,28.690001
21-07-2011,28.700001
22-07-2011,29.290001
25-07-2011,28.49
26-07-2011,28
27-07-2011,27.639999
28-07-2011,28.17
29-07-2011,28.17
01-08-2011,28.77
02-08-2011,27.34
03-08-2011,27.200001
04-08-2011,24.75
05-08-2011,24.24
08-08-2011,23.639999
09-08-2011,25.059999
10-08-2011,23.82
11-08-2011,25.299999
12-08-2011,26.309999
15-08-2011,26.23
16-08-2011,26.1
17-08-2011,25.83
18-08-2011,24.26
19-08-2011,22.299999
22-08-2011,21.950001
23-08-2011,22.959999
24-08-2011,23.870001
25-08-2011,23.110001
26-08-2011,23.73
29-08-2011,24.709999
30-08-2011,24.629999
31-08-2011,24.74
01-09-2011,24
02-09-2011,23.07
06-09-2011,22.940001
07-09-2011,23.84
08-09-2011,23.610001
09-09-2011,22.969999
12-09-2011,22.879999
13-09-2011,24.08
14-09-2011,24.34
15-09-2011,24.82
16-09-2011,25.799999
19-09-2011,25.77
20-09-2011,26.01
21-09-2011,25.85
22-09-2011,25.629999
23-09-2011,26.379999
26-09-2011,25.52
27-09-2011,26.190001
28-09-2011,24.59
29-09-2011,24.120001
30-09-2011,24.389999
03-10-2011,23.73
04-10-2011,23.66
05-10-2011,25.370001
06-10-2011,26.959999
07-10-2011,26.99
10-10-2011,27.879999
11-10-2011,27.610001
12-10-2011,27.799999
13-10-2011,27.940001
14-10-2011,28.049999
17-10-2011,27.42
18-10-2011,28.34
19-10-2011,27.57
20-10-2011,27.34
21-10-2011,28.030001
24-10-2011,28.549999
25-10-2011,28.25
26-10-2011,27.98
27-10-2011,28.76
28-10-2011,29.870001
31-10-2011,29.370001
01-11-2011,28.879999
02-11-2011,28.709999
03-11-2011,32.459999
04-11-2011,32.310001
07-11-2011,31.27
08-11-2011,31.84
09-11-2011,30.879999
10-11-2011,31.33
11-11-2011,33.639999
14-11-2011,33.220001
15-11-2011,33.93
16-11-2011,34.939999
17-11-2011,33.68
18-11-2011,32.599998
21-11-2011,31.76
22-11-2011,32.07
23-11-2011,31.450001
25-11-2011,31.66
28-11-2011,32.560001
29-11-2011,31.75
30-11-2011,32.740002
01-12-2011,32.599998
02-12-2011,33.299999
05-12-2011,34.419998
06-12-2011,34.869999
07-12-2011,34.189999
08-12-2011,30.889999
09-12-2011,31.040001
12-12-2011,30.41
13-12-2011,29.450001
14-12-2011,28.530001
15-12-2011,28.620001
16-12-2011,28
19-12-2011,27.75
20-12-2011,27.9
21-12-2011,27.57
22-12-2011,27.77
23-12-2011,27.9
27-12-2011,28.57
28-12-2011,28.51
29-12-2011,28.73
30-12-2011,28.559999
03-01-2012,28.08
04-01-2012,27.709999
05-01-2012,27.120001
06-01-2012,26.91
09-01-2012,27.25
10-01-2012,27.620001
11-01-2012,28.23
12-01-2012,28.25
13-01-2012,22.790001
17-01-2012,26.6
18-01-2012,26.809999
19-01-2012,26.76
20-01-2012,26.6
23-01-2012,26.77
24-01-2012,27.42
25-01-2012,27.969999
26-01-2012,28.940001
27-01-2012,29.33
30-01-2012,29.57
31-01-2012,29.07
01-02-2012,29.58
02-02-2012,30.25
03-02-2012,31.15
06-02-2012,31.799999
07-02-2012,31.6
08-02-2012,31.93
09-02-2012,32.580002
10-02-2012,31.1
13-02-2012,31.49
14-02-2012,33.169998
15-02-2012,33.599998
16-02-2012,34.18
17-02-2012,34.970001
21-02-2012,34.5
22-02-2012,34.220001
23-02-2012,34.529999
24-02-2012,33.75
27-02-2012,33.619999
28-02-2012,33.810001
29-02-2012,33.41
01-03-2012,34.41
02-03-2012,34.040001
05-03-2012,33.77
06-03-2012,33.110001
07-03-2012,33.119999
08-03-2012,33.07
09-03-2012,34.740002
12-03-2012,36.009998
13-03-2012,36.09
14-03-2012,35.290001
15-03-2012,35
16-03-2012,35.32
19-03-2012,34.98
20-03-2012,34.959999
21-03-2012,35.150002
22-03-2012,34.400002
23-03-2012,34.080002
26-03-2012,37.400002
27-03-2012,37.939999
28-03-2012,37.849998
29-03-2012,37.330002
30-03-2012,37.240002
02-04-2012,36.580002
03-04-2012,38.009998
04-04-2012,35
05-04-2012,34.48
09-04-2012,33.150002
10-04-2012,32.459999
11-04-2012,33.09
12-04-2012,33.439999
13-04-2012,33.59
16-04-2012,32.25
17-04-2012,32.240002
18-04-2012,32.66
19-04-2012,33.16
20-04-2012,33.16
23-04-2012,31.940001
24-04-2012,31.82
25-04-2012,32.91
26-04-2012,33.490002
27-04-2012,33.34
30-04-2012,33.130001
01-05-2012,33.779999
02-05-2012,33.939999
03-05-2012,32.459999
04-05-2012,31.83
07-05-2012,32.470001
08-05-2012,30.190001
09-05-2012,30.059999
10-05-2012,32.959999
11-05-2012,32.25
14-05-2012,30.059999
15-05-2012,29.43
16-05-2012,29.18
17-05-2012,28.57
18-05-2012,27.559999
21-05-2012,28.77
22-05-2012,30.799999
23-05-2012,31.02
24-05-2012,30.280001
25-05-2012,29.809999
29-05-2012,31.690001
30-05-2012,30.41
31-05-2012,29.5
01-06-2012,28.15
04-06-2012,27.879999
05-06-2012,27.91
06-06-2012,29.219999
07-06-2012,28.93
08-06-2012,30.08
11-06-2012,29.120001
12-06-2012,29.66
13-06-2012,29.77
14-06-2012,29.389999
15-06-2012,29.91
18-06-2012,31.84
19-06-2012,32.09
20-06-2012,33.779999
21-06-2012,32.189999
22-06-2012,33.790001
25-06-2012,33.110001
26-06-2012,31.610001
27-06-2012,31.959999
28-06-2012,31.41
29-06-2012,31.290001
02-07-2012,30.4
03-07-2012,30.66
05-07-2012,31.23
06-07-2012,30.99
09-07-2012,31.49
10-07-2012,31.27
11-07-2012,31.51
12-07-2012,32.700001
13-07-2012,34.25
16-07-2012,35.959999
17-07-2012,33.349998
18-07-2012,32.150002
19-07-2012,32.27
20-07-2012,31.790001
23-07-2012,30.66
24-07-2012,29.84
25-07-2012,28.950001
26-07-2012,28.129999
27-07-2012,29.51
30-07-2012,27.35
31-07-2012,27.42
01-08-2012,26.25
02-08-2012,26.1
03-08-2012,27.27
06-08-2012,28.27
07-08-2012,30.25
08-08-2012,29.09
09-08-2012,29.41
10-08-2012,29.940001
13-08-2012,31.17
14-08-2012,29.42
15-08-2012,29.4
16-08-2012,30.299999
17-08-2012,30.01
20-08-2012,29.51
21-08-2012,29.110001
22-08-2012,29.950001
23-08-2012,30.73
24-08-2012,29.5
27-08-2012,28.32
28-08-2012,28.690001
29-08-2012,28.41
30-08-2012,28.41
31-08-2012,28.52
04-09-2012,28.139999
05-09-2012,27.940001
06-09-2012,28.549999
07-09-2012,29.35
10-09-2012,27.370001
11-09-2012,27.799999
12-09-2012,28.280001
13-09-2012,29.48
14-09-2012,30.389999
17-09-2012,32.540001
18-09-2012,31.34
19-09-2012,31.049999
20-09-2012,30.9
21-09-2012,30.02
24-09-2012,30.66
25-09-2012,27.66
26-09-2012,27.540001
27-09-2012,28.49
28-09-2012,29.280001
01-10-2012,29.16
02-10-2012,29.799999
03-10-2012,29.299999
04-10-2012,29.4
05-10-2012,28.889999
08-10-2012,29.25
09-10-2012,28.370001
10-10-2012,28.4
11-10-2012,28.32
12-10-2012,27.639999
15-10-2012,27.33
16-10-2012,28.059999
17-10-2012,28.82
18-10-2012,28.040001
19-10-2012,27.74
22-10-2012,27.85
23-10-2012,28.389999
24-10-2012,27.42
25-10-2012,27.52
26-10-2012,27.379999
31-10-2012,28.129999
01-11-2012,29.25
02-11-2012,28.92
05-11-2012,31.5
06-11-2012,31.15
07-11-2012,31.540001
08-11-2012,31.309999
09-11-2012,30.32
12-11-2012,31.07
13-11-2012,31.610001
14-11-2012,31.379999
15-11-2012,30.82
16-11-2012,31.84
19-11-2012,32.919998
20-11-2012,33
21-11-2012,32.470001
23-11-2012,32.130001
26-11-2012,32.27
27-11-2012,32.150002
28-11-2012,33.23
29-11-2012,33.689999
30-11-2012,33.82
03-12-2012,34.619999
04-12-2012,33.900002
05-12-2012,33.709999
06-12-2012,33.900002
07-12-2012,34.169998
10-12-2012,34.57
11-12-2012,35.279999
12-12-2012,35.259998
13-12-2012,33.610001
14-12-2012,33.810001
17-12-2012,34.400002
18-12-2012,34.59
19-12-2012,34.610001
20-12-2012,34.43
21-12-2012,34
24-12-2012,34.279999
26-12-2012,33.59
27-12-2012,33.689999
28-12-2012,33.220001
31-12-2012,33.869999
02-01-2013,35.360001
03-01-2013,34.77
04-01-2013,34.400002
07-01-2013,34.34
08-01-2013,33.68
09-01-2013,33.639999
10-01-2013,33.529999
11-01-2013,32.91
14-01-2013,33.259998
15-01-2013,33.900002
16-01-2013,34.099998
17-01-2013,34.380001
18-01-2013,34.52
22-01-2013,35.189999
23-01-2013,36
24-01-2013,36.990002
25-01-2013,36.98
28-01-2013,38.029999
29-01-2013,37.950001
30-01-2013,37.52
31-01-2013,37.509998
01-02-2013,38.299999
04-02-2013,37.740002
05-02-2013,38.130001
06-02-2013,39.169998
07-02-2013,39.48
08-02-2013,39.240002
11-02-2013,38.419998
12-02-2013,37.889999
13-02-2013,38.450001
14-02-2013,38.27
15-02-2013,37.040001
19-02-2013,39.279999
20-02-2013,38.540001
21-02-2013,35.16
22-02-2013,36.110001
25-02-2013,34.380001
26-02-2013,34.43
27-02-2013,35.099998
28-02-2013,34.830002
01-03-2013,34.650002
04-03-2013,35.580002
05-03-2013,36.650002
06-03-2013,37.689999
07-03-2013,38.23
08-03-2013,38.470001
11-03-2013,39.099998
12-03-2013,39.119999
13-03-2013,38.98
14-03-2013,36.849998
15-03-2013,35.290001
18-03-2013,35.150002
19-03-2013,35.080002
20-03-2013,35.950001
21-03-2013,36.009998
22-03-2013,36.619999
25-03-2013,37.529999
26-03-2013,37.860001
27-03-2013,38.16
28-03-2013,37.889999
01-04-2013,43.93
02-04-2013,44.34
03-04-2013,41.099998
04-04-2013,42.009998
05-04-2013,41.369999
08-04-2013,41.830002
09-04-2013,40.5
10-04-2013,41.860001
11-04-2013,43.59
12-04-2013,43.75
15-04-2013,43.299999
16-04-2013,45.59
17-04-2013,45.450001
18-04-2013,46.970001
19-04-2013,47.830002
22-04-2013,50.189999
23-04-2013,51.009998
24-04-2013,50.43
25-04-2013,52
26-04-2013,51.200001
29-04-2013,54.939999
30-04-2013,53.990002
01-05-2013,53.279999
02-05-2013,54.110001
03-05-2013,54.549999
06-05-2013,59.5
07-05-2013,55.509998
08-05-2013,55.790001
09-05-2013,69.400002
10-05-2013,76.760002
13-05-2013,87.800003
14-05-2013,83.239998
15-05-2013,84.839996
16-05-2013,92.25
17-05-2013,91.5
20-05-2013,89.940002
21-05-2013,87.589996
22-05-2013,87.239998
23-05-2013,92.730003
24-05-2013,97.080002
28-05-2013,110.330002
29-05-2013,104.629997
30-05-2013,104.949997
31-05-2013,97.760002
03-06-2013,92.589996
04-06-2013,94.839996
05-06-2013,95.370003
06-06-2013,97.349998
07-06-2013,102.040001
10-06-2013,100.050003
11-06-2013,94.470001
12-06-2013,97.730003
13-06-2013,98.18
14-06-2013,100.300003
17-06-2013,102.199997
18-06-2013,103.389999
19-06-2013,104.68
20-06-2013,100.650002
21-06-2013,99.550003
24-06-2013,101.489998
25-06-2013,102.400002
26-06-2013,105.720001
27-06-2013,109.25
28-06-2013,107.360001
01-07-2013,117.18
02-07-2013,117.82
03-07-2013,115.239998
05-07-2013,120.089996
08-07-2013,121.610001
09-07-2013,123.449997
10-07-2013,122.269997
11-07-2013,125.610001
12-07-2013,129.899994
15-07-2013,127.260002
16-07-2013,109.050003
17-07-2013,120.25
18-07-2013,119.029999
19-07-2013,119.68
22-07-2013,122.43
23-07-2013,122.739998
24-07-2013,121.699997
25-07-2013,124.07
26-07-2013,129.389999
29-07-2013,134.619995
30-07-2013,131.740005
31-07-2013,134.279999
01-08-2013,135.550003
02-08-2013,138
05-08-2013,144.679993
06-08-2013,142.149994
07-08-2013,134.229996
08-08-2013,153.479996
09-08-2013,153
12-08-2013,147.380005
13-08-2013,145.429993
14-08-2013,139.360001
15-08-2013,139.669998
16-08-2013,142
19-08-2013,144.899994
20-08-2013,149.580002
21-08-2013,147.860001
22-08-2013,157.100006
23-08-2013,161.839996
26-08-2013,164.220001
27-08-2013,167.009995
28-08-2013,166.449997
29-08-2013,166.059998
30-08-2013,169
03-09-2013,168.940002
04-09-2013,170.619995
05-09-2013,169.929993
06-09-2013,166.970001
09-09-2013,160.699997
10-09-2013,166.369995
11-09-2013,163.520004
12-09-2013,164.929993
13-09-2013,165.539993
16-09-2013,166.580002
17-09-2013,166.229996
18-09-2013,166.220001
19-09-2013,177.919998
20-09-2013,183.389999
23-09-2013,181.110001
24-09-2013,182.330002
25-09-2013,185.240005
26-09-2013,188.639999
27-09-2013,190.899994
30-09-2013,193.369995
01-10-2013,193
02-10-2013,180.949997
03-10-2013,173.309998
04-10-2013,180.979996
07-10-2013,183.070007
08-10-2013,174.729996
09-10-2013,168.779999
10-10-2013,172.929993
11-10-2013,178.699997
14-10-2013,179.720001
15-10-2013,183.940002
16-10-2013,183.559998
17-10-2013,182.800003
18-10-2013,183.399994
21-10-2013,172.600006
22-10-2013,171.539993
23-10-2013,164.5
24-10-2013,173.149994
25-10-2013,169.660004
28-10-2013,162.860001
29-10-2013,164.470001
30-10-2013,159.220001
31-10-2013,159.940002
01-11-2013,162.169998
04-11-2013,175.199997
05-11-2013,176.809998
06-11-2013,151.160004
07-11-2013,139.770004
08-11-2013,137.949997
11-11-2013,144.699997
12-11-2013,137.800003
13-11-2013,138.699997
14-11-2013,137.600006
15-11-2013,135.449997
18-11-2013,121.580002
19-11-2013,126.089996
20-11-2013,121.110001
21-11-2013,122.099998
22-11-2013,121.379997
25-11-2013,120.839996
26-11-2013,120.5
27-11-2013,126.940002
29-11-2013,127.279999
02-12-2013,124.169998
03-12-2013,144.699997
04-12-2013,138.949997
05-12-2013,140.479996
06-12-2013,137.360001
09-12-2013,141.600006
10-12-2013,142.190002
11-12-2013,139.649994
12-12-2013,147.470001
13-12-2013,147.649994
16-12-2013,147.940002
17-12-2013,152.460007
18-12-2013,147.979996
19-12-2013,140.720001
20-12-2013,143.240005
23-12-2013,143.550003
24-12-2013,151.410004
26-12-2013,155.5
27-12-2013,151.119995
30-12-2013,152.440002
31-12-2013,150.429993
02-01-2014,150.100006
03-01-2014,149.559998
06-01-2014,147
07-01-2014,149.360001
08-01-2014,151.279999
09-01-2014,147.529999
10-01-2014,145.720001
13-01-2014,139.339996
14-01-2014,161.270004
15-01-2014,164.130005
16-01-2014,170.970001
17-01-2014,170.009995
21-01-2014,176.679993
22-01-2014,178.559998
23-01-2014,181.5
24-01-2014,174.600006
27-01-2014,169.619995
28-01-2014,178.380005
29-01-2014,175.229996
30-01-2014,182.839996
31-01-2014,181.410004
03-02-2014,177.110001
04-02-2014,178.729996
05-02-2014,174.419998
06-02-2014,178.380005
07-02-2014,186.529999
10-02-2014,196.559998
11-02-2014,196.619995
12-02-2014,195.320007
13-02-2014,199.630005
14-02-2014,198.229996
18-02-2014,203.699997
19-02-2014,193.639999
20-02-2014,209.970001
21-02-2014,209.600006
24-02-2014,217.649994
25-02-2014,248
26-02-2014,253
27-02-2014,252.539993
28-02-2014,244.809998
03-03-2014,250.559998
04-03-2014,254.839996
05-03-2014,252.660004
06-03-2014,252.940002
07-03-2014,246.210007
10-03-2014,238.839996
11-03-2014,234.410004
12-03-2014,241.490005
13-03-2014,237.789993
14-03-2014,230.970001
17-03-2014,233.979996
18-03-2014,240.039993
19-03-2014,235.839996
20-03-2014,234.910004
21-03-2014,228.889999
24-03-2014,220.169998
25-03-2014,220.440002
26-03-2014,212.960007
27-03-2014,207.320007
28-03-2014,212.369995
31-03-2014,208.449997
01-04-2014,216.970001
02-04-2014,230.289993
03-04-2014,225.399994
04-04-2014,212.229996
07-04-2014,207.520004
08-04-2014,215.460007
09-04-2014,216.929993
10-04-2014,204.190002
11-04-2014,203.779999
14-04-2014,198.089996
15-04-2014,193.910004
16-04-2014,199.110001
17-04-2014,198.119995
21-04-2014,204.380005
22-04-2014,218.639999
23-04-2014,207.990005
24-04-2014,207.860001
25-04-2014,199.850006
28-04-2014,198.509995
29-04-2014,206.919998
30-04-2014,207.889999
01-05-2014,207.729996
02-05-2014,210.910004
05-05-2014,216.610001
06-05-2014,207.279999
07-05-2014,201.350006
08-05-2014,178.589996
09-05-2014,182.259995
12-05-2014,184.669998
13-05-2014,190.160004
14-05-2014,190.619995
15-05-2014,188.589996
16-05-2014,191.559998
19-05-2014,196.089996
20-05-2014,195.300003
21-05-2014,199.449997
22-05-2014,204.880005
23-05-2014,207.300003
27-05-2014,211.559998
28-05-2014,210.240005
29-05-2014,210.240005
30-05-2014,207.770004
02-06-2014,204.699997
03-06-2014,204.940002
04-06-2014,203.990005
05-06-2014,206.899994
06-06-2014,208.169998
09-06-2014,205.309998
10-06-2014,202.300003
11-06-2014,204.470001
12-06-2014,203.520004
13-06-2014,206.419998
16-06-2014,224.610001
17-06-2014,231.669998
18-06-2014,227.119995
19-06-2014,227.789993
20-06-2014,229.589996
23-06-2014,237.220001
24-06-2014,232.5
25-06-2014,236.889999
26-06-2014,235.600006
27-06-2014,239.059998
30-06-2014,240.059998
01-07-2014,239.720001
02-07-2014,229.429993
03-07-2014,229.25
07-07-2014,222.660004
08-07-2014,219.070007
09-07-2014,223.059998
10-07-2014,219.460007
11-07-2014,218.130005
14-07-2014,226.699997
15-07-2014,219.580002
16-07-2014,217.160004
17-07-2014,215.399994
18-07-2014,220.020004
21-07-2014,220.539993
22-07-2014,219.580002
23-07-2014,222.490005
24-07-2014,223.539993
25-07-2014,223.570007
28-07-2014,224.820007
29-07-2014,225.009995
30-07-2014,228.919998
31-07-2014,223.300003
01-08-2014,233.270004
04-08-2014,238.520004
05-08-2014,238.490005
06-08-2014,248.929993
07-08-2014,252.389999
08-08-2014,248.130005
11-08-2014,259.320007
12-08-2014,259.959991
13-08-2014,260.309998
14-08-2014,261.380005
15-08-2014,262.01001
18-08-2014,259.940002
19-08-2014,256.76001
20-08-2014,255.710007
21-08-2014,254.339996
22-08-2014,256.779999
25-08-2014,262.549988
26-08-2014,261.73999
27-08-2014,263.25
28-08-2014,263.859985
29-08-2014,269.700012
02-09-2014,284.119995
03-09-2014,281.190002
04-09-2014,286.040009
05-09-2014,277.390015
08-09-2014,282.109985
09-09-2014,278.480011
10-09-2014,281.100006
11-09-2014,280.309998
12-09-2014,279.200012
15-09-2014,253.860001
16-09-2014,260.73999
17-09-2014,261.380005
18-09-2014,263.820007
19-09-2014,259.320007
22-09-2014,250.029999
23-09-2014,250.410004
24-09-2014,252.139999
25-09-2014,246.949997
26-09-2014,246.600006
29-09-2014,245.259995
30-09-2014,242.679993
01-10-2014,240.240005
02-10-2014,251.419998
03-10-2014,255.210007
06-10-2014,260.619995
07-10-2014,259.570007
08-10-2014,259.279999
09-10-2014,257.01001
10-10-2014,236.910004
13-10-2014,224.589996
14-10-2014,227.059998
15-10-2014,229.699997
16-10-2014,226.350006
17-10-2014,227.479996
20-10-2014,230.470001
21-10-2014,235.339996
22-10-2014,231.100006
23-10-2014,235.289993
24-10-2014,235.240005
27-10-2014,221.669998
28-10-2014,242.770004
29-10-2014,238.100006
30-10-2014,238.660004
31-10-2014,241.699997
03-11-2014,242.589996
04-11-2014,238.929993
05-11-2014,230.970001
06-11-2014,241.220001
07-11-2014,240.199997
10-11-2014,241.929993
11-11-2014,251.080002
12-11-2014,249.100006
13-11-2014,251.699997
14-11-2014,258.679993
17-11-2014,253.979996
18-11-2014,257.700012
19-11-2014,247.740005
20-11-2014,248.710007
21-11-2014,242.779999
24-11-2014,246.720001
25-11-2014,248.089996
26-11-2014,248.440002
28-11-2014,244.520004
01-12-2014,231.639999
02-12-2014,231.429993
03-12-2014,229.300003
04-12-2014,228.279999
05-12-2014,223.710007
08-12-2014,214.360001
09-12-2014,216.889999
10-12-2014,209.839996
11-12-2014,208.880005
12-12-2014,207
15-12-2014,204.039993
16-12-2014,197.809998
17-12-2014,205.820007
18-12-2014,218.259995
19-12-2014,219.289993
22-12-2014,222.600006
23-12-2014,220.970001
24-12-2014,222.259995
26-12-2014,227.820007
29-12-2014,225.710007
30-12-2014,222.229996
31-12-2014,222.410004
02-01-2015,219.309998
05-01-2015,210.089996
06-01-2015,211.279999
07-01-2015,210.949997
08-01-2015,210.619995
09-01-2015,206.660004
12-01-2015,202.210007
13-01-2015,204.25
14-01-2015,192.690002
15-01-2015,191.869995
16-01-2015,193.070007
20-01-2015,191.929993
21-01-2015,196.570007
22-01-2015,201.619995
23-01-2015,201.289993
26-01-2015,206.550003
27-01-2015,205.979996
28-01-2015,199.369995
29-01-2015,205.199997
30-01-2015,203.600006
02-02-2015,210.940002
03-02-2015,218.360001
04-02-2015,218.550003
05-02-2015,220.990005
06-02-2015,217.360001
09-02-2015,217.479996
10-02-2015,216.289993
11-02-2015,212.800003
12-02-2015,202.880005
13-02-2015,203.770004
17-02-2015,204.350006
18-02-2015,204.460007
19-02-2015,211.710007
20-02-2015,217.110001
23-02-2015,207.339996
24-02-2015,204.110001
25-02-2015,203.759995
26-02-2015,207.190002
27-02-2015,203.339996
02-03-2015,197.330002
03-03-2015,199.559998
04-03-2015,202.440002
05-03-2015,200.630005
06-03-2015,193.880005
09-03-2015,190.880005
10-03-2015,190.320007
11-03-2015,193.740005
12-03-2015,191.070007
13-03-2015,188.679993
16-03-2015,195.699997
17-03-2015,194.729996
18-03-2015,200.710007
19-03-2015,195.649994
20-03-2015,198.080002
23-03-2015,199.630005
24-03-2015,201.720001
25-03-2015,194.300003
26-03-2015,190.410004
27-03-2015,185
30-03-2015,190.570007
31-03-2015,188.770004
01-04-2015,187.589996
02-04-2015,191
06-04-2015,203.100006
07-04-2015,203.25
08-04-2015,207.669998
09-04-2015,210.089996
10-04-2015,210.899994
13-04-2015,209.779999
14-04-2015,207.460007
15-04-2015,207.830002
16-04-2015,206.699997
17-04-2015,206.789993
20-04-2015,205.270004
21-04-2015,209.410004
22-04-2015,219.440002
23-04-2015,218.600006
24-04-2015,218.429993
27-04-2015,231.550003
28-04-2015,230.479996
29-04-2015,232.449997
30-04-2015,226.050003
01-05-2015,226.029999
04-05-2015,230.509995
05-05-2015,232.949997
06-05-2015,230.429993
07-05-2015,236.800003
08-05-2015,236.610001
11-05-2015,239.490005
12-05-2015,244.740005
13-05-2015,243.179993
14-05-2015,244.100006
15-05-2015,248.839996
18-05-2015,248.75
19-05-2015,247.139999
20-05-2015,244.350006
21-05-2015,245.619995
22-05-2015,247.729996
26-05-2015,247.460007
27-05-2015,247.429993
28-05-2015,251.449997
29-05-2015,250.800003
01-06-2015,249.449997
02-06-2015,248.350006
03-06-2015,248.990005
04-06-2015,245.919998
05-06-2015,249.139999
08-06-2015,256.290009
09-06-2015,256
10-06-2015,250.699997
11-06-2015,251.410004
12-06-2015,250.690002
15-06-2015,250.380005
16-06-2015,253.119995
17-06-2015,260.410004
18-06-2015,261.890015
19-06-2015,262.51001
22-06-2015,259.790009
23-06-2015,267.670013
24-06-2015,265.170013
25-06-2015,268.790009
26-06-2015,267.089996
29-06-2015,262.019989
30-06-2015,268.26001
01-07-2015,269.149994
02-07-2015,280.019989
06-07-2015,279.720001
07-07-2015,267.880005
08-07-2015,254.960007
09-07-2015,257.920013
10-07-2015,259.149994
13-07-2015,262.160004
14-07-2015,265.649994
15-07-2015,263.140015
16-07-2015,266.679993
17-07-2015,274.660004
20-07-2015,282.26001
21-07-2015,266.769989
22-07-2015,267.869995
23-07-2015,267.200012
24-07-2015,265.410004
27-07-2015,253.009995
28-07-2015,264.820007
29-07-2015,263.820007
30-07-2015,266.790009
31-07-2015,266.149994
03-08-2015,259.98999
04-08-2015,266.279999
05-08-2015,270.130005
06-08-2015,246.130005
07-08-2015,242.509995
10-08-2015,241.139999
11-08-2015,237.369995
12-08-2015,238.169998
13-08-2015,242.509995
14-08-2015,243.149994
17-08-2015,254.990005
18-08-2015,260.720001
19-08-2015,255.25
20-08-2015,242.179993
21-08-2015,230.770004
24-08-2015,218.869995
25-08-2015,220.029999
26-08-2015,224.839996
27-08-2015,242.990005
28-08-2015,248.479996
31-08-2015,249.059998
01-09-2015,238.630005
02-09-2015,247.690002
03-09-2015,245.570007
04-09-2015,241.929993
08-09-2015,248.169998
09-09-2015,248.910004
10-09-2015,248.479996
11-09-2015,250.240005
14-09-2015,253.190002
15-09-2015,253.570007
16-09-2015,262.25
17-09-2015,262.070007
18-09-2015,260.619995
21-09-2015,264.200012
22-09-2015,260.940002
23-09-2015,261.059998
24-09-2015,263.119995
25-09-2015,256.910004
28-09-2015,248.429993
29-09-2015,246.649994
30-09-2015,248.399994
01-10-2015,239.880005
02-10-2015,247.570007
05-10-2015,246.149994
06-10-2015,241.460007
07-10-2015,231.960007
08-10-2015,226.720001
09-10-2015,220.690002
12-10-2015,215.580002
13-10-2015,219.25
14-10-2015,216.880005
15-10-2015,221.309998
16-10-2015,227.009995
19-10-2015,228.100006
20-10-2015,213.029999
21-10-2015,210.089996
22-10-2015,211.720001
23-10-2015,209.089996
26-10-2015,215.259995
27-10-2015,210.350006
28-10-2015,212.960007
29-10-2015,211.630005
30-10-2015,206.929993
02-11-2015,213.789993
03-11-2015,208.350006
04-11-2015,231.630005
05-11-2015,231.770004
06-11-2015,232.360001
09-11-2015,225.330002
10-11-2015,216.5
11-11-2015,219.080002
12-11-2015,212.940002
13-11-2015,207.190002
16-11-2015,214.309998
17-11-2015,214
18-11-2015,221.070007
19-11-2015,221.800003
20-11-2015,220.009995
23-11-2015,217.75
24-11-2015,218.25
25-11-2015,229.639999
27-11-2015,231.610001
30-11-2015,230.259995
01-12-2015,237.190002
02-12-2015,231.990005
03-12-2015,232.710007
04-12-2015,230.380005
07-12-2015,231.130005
08-12-2015,226.720001
09-12-2015,224.520004
10-12-2015,227.070007
11-12-2015,217.020004
14-12-2015,218.580002
15-12-2015,221.089996
16-12-2015,234.509995
17-12-2015,233.389999
18-12-2015,230.460007
21-12-2015,232.559998
22-12-2015,229.949997
23-12-2015,229.699997
24-12-2015,230.570007
28-12-2015,228.949997
29-12-2015,237.190002
30-12-2015,238.089996
31-12-2015,240.009995
04-01-2016,223.410004
05-01-2016,223.429993
06-01-2016,219.039993
07-01-2016,215.649994
08-01-2016,211
11-01-2016,207.850006
12-01-2016,209.970001
13-01-2016,200.309998
14-01-2016,206.179993
15-01-2016,204.990005
19-01-2016,204.720001
20-01-2016,198.699997
21-01-2016,199.970001
22-01-2016,202.550003
25-01-2016,196.380005
26-01-2016,193.559998
27-01-2016,188.070007
28-01-2016,189.699997
29-01-2016,191.199997
01-02-2016,196.940002
02-02-2016,182.779999
03-02-2016,173.479996
04-02-2016,175.330002
05-02-2016,162.600006
08-02-2016,147.990005
09-02-2016,148.25
10-02-2016,143.669998
11-02-2016,150.470001
12-02-2016,151.039993
16-02-2016,155.169998
17-02-2016,168.679993
18-02-2016,166.770004
19-02-2016,166.580002
22-02-2016,177.740005
23-02-2016,177.210007
24-02-2016,179
25-02-2016,187.429993
26-02-2016,190.339996
29-02-2016,191.929993
01-03-2016,186.350006
02-03-2016,188.339996
03-03-2016,195.740005
04-03-2016,201.039993
07-03-2016,205.289993
08-03-2016,202.600006
09-03-2016,208.720001
10-03-2016,205.179993
11-03-2016,207.5
14-03-2016,215.149994
15-03-2016,218.339996
16-03-2016,221.929993
17-03-2016,226.380005
18-03-2016,232.740005
21-03-2016,238.320007
22-03-2016,234.240005
23-03-2016,222.580002
24-03-2016,227.75
28-03-2016,230.259995
29-03-2016,230.130005
30-03-2016,226.889999
31-03-2016,229.770004
01-04-2016,237.589996
04-04-2016,246.990005
05-04-2016,255.470001
06-04-2016,265.420013
07-04-2016,257.200012
08-04-2016,250.070007
11-04-2016,249.919998
12-04-2016,247.820007
13-04-2016,254.529999
14-04-2016,251.860001
15-04-2016,254.509995
18-04-2016,253.880005
19-04-2016,247.369995
20-04-2016,249.970001
21-04-2016,248.289993
22-04-2016,253.75
25-04-2016,251.820007
26-04-2016,253.740005
27-04-2016,251.470001
28-04-2016,247.710007
29-04-2016,240.759995
02-05-2016,241.800003
03-05-2016,232.320007
04-05-2016,222.559998
05-05-2016,211.529999
06-05-2016,214.929993
09-05-2016,208.919998
10-05-2016,208.690002
11-05-2016,208.960007
12-05-2016,207.279999
13-05-2016,207.610001
16-05-2016,208.289993
17-05-2016,204.660004
18-05-2016,211.169998
19-05-2016,215.210007
20-05-2016,220.279999
23-05-2016,216.220001
24-05-2016,217.910004
25-05-2016,219.580002
26-05-2016,225.119995
27-05-2016,223.039993
31-05-2016,223.229996
01-06-2016,219.559998
02-06-2016,218.960007
03-06-2016,218.990005
06-06-2016,220.679993
07-06-2016,232.339996
08-06-2016,235.520004
09-06-2016,229.360001
10-06-2016,218.789993
13-06-2016,217.869995
14-06-2016,214.960007
15-06-2016,217.699997
16-06-2016,217.929993
17-06-2016,215.470001
20-06-2016,219.699997
21-06-2016,219.610001
22-06-2016,196.660004
23-06-2016,196.399994
24-06-2016,193.149994
27-06-2016,198.550003
28-06-2016,201.789993
29-06-2016,210.190002
30-06-2016,212.279999
01-07-2016,216.5
05-07-2016,213.979996
06-07-2016,214.440002
07-07-2016,215.940002
08-07-2016,216.779999
11-07-2016,224.779999
12-07-2016,224.649994
13-07-2016,222.529999
14-07-2016,221.529999
15-07-2016,220.399994
18-07-2016,226.25
19-07-2016,225.259995
20-07-2016,228.360001
21-07-2016,220.5
22-07-2016,222.270004
25-07-2016,230.009995
26-07-2016,229.509995
27-07-2016,228.490005
28-07-2016,230.610001
29-07-2016,234.789993
01-08-2016,230.009995
02-08-2016,227.199997
03-08-2016,225.789993
04-08-2016,230.610001
05-08-2016,230.029999
08-08-2016,226.160004
09-08-2016,229.080002
10-08-2016,225.649994
11-08-2016,224.910004
12-08-2016,225.610001
15-08-2016,225.589996
16-08-2016,223.610001
17-08-2016,223.240005
18-08-2016,223.509995
19-08-2016,225
22-08-2016,222.929993
23-08-2016,224.839996
24-08-2016,222.619995
25-08-2016,220.960007
26-08-2016,219.990005
29-08-2016,215.199997
30-08-2016,211.339996
31-08-2016,212.009995
01-09-2016,200.770004
02-09-2016,197.779999
06-09-2016,202.830002
07-09-2016,201.710007
08-09-2016,197.360001
09-09-2016,194.470001
12-09-2016,198.300003
13-09-2016,196.050003
14-09-2016,196.410004
15-09-2016,200.419998
16-09-2016,205.399994
19-09-2016,206.339996
20-09-2016,204.639999
21-09-2016,205.220001
22-09-2016,206.429993
23-09-2016,207.449997
26-09-2016,208.990005
27-09-2016,205.809998
28-09-2016,206.270004
29-09-2016,200.699997
30-09-2016,204.029999
03-10-2016,213.699997
04-10-2016,211.410004
05-10-2016,208.460007
06-10-2016,201
07-10-2016,196.610001
10-10-2016,200.949997
11-10-2016,200.100006
12-10-2016,201.509995
13-10-2016,200.240005
14-10-2016,196.509995
17-10-2016,193.960007
18-10-2016,199.100006
19-10-2016,203.559998
20-10-2016,199.100006
21-10-2016,200.089996
24-10-2016,202.759995
25-10-2016,202.339996
26-10-2016,202.240005
27-10-2016,204.009995
28-10-2016,199.970001
31-10-2016,197.729996
01-11-2016,190.789993
02-11-2016,188.020004
03-11-2016,187.419998
04-11-2016,190.559998
07-11-2016,193.210007
08-11-2016,194.940002
09-11-2016,190.059998
10-11-2016,185.350006
11-11-2016,188.559998
14-11-2016,181.449997
15-11-2016,183.770004
16-11-2016,183.929993
17-11-2016,188.660004
18-11-2016,185.020004
21-11-2016,184.520004
22-11-2016,191.169998
23-11-2016,193.139999
25-11-2016,196.649994
28-11-2016,196.119995
29-11-2016,189.570007
30-11-2016,189.399994
01-12-2016,181.880005
02-12-2016,181.470001
05-12-2016,186.800003
06-12-2016,185.850006
07-12-2016,193.149994
08-12-2016,192.289993
09-12-2016,192.179993
12-12-2016,192.429993
13-12-2016,198.149994
14-12-2016,198.690002
15-12-2016,197.580002
16-12-2016,202.490005
19-12-2016,202.729996
20-12-2016,208.789993
21-12-2016,207.699997
22-12-2016,208.449997
23-12-2016,213.339996
27-12-2016,219.529999
28-12-2016,219.740005
29-12-2016,214.679993
30-12-2016,213.690002
03-01-2017,216.990005
04-01-2017,226.990005
05-01-2017,226.75
06-01-2017,229.009995
09-01-2017,231.279999
10-01-2017,229.869995
11-01-2017,229.729996
12-01-2017,229.589996
13-01-2017,237.75
17-01-2017,235.580002
18-01-2017,238.360001
19-01-2017,243.759995
20-01-2017,244.729996
23-01-2017,248.919998
24-01-2017,254.610001
25-01-2017,254.470001
26-01-2017,252.509995
27-01-2017,252.949997
30-01-2017,250.630005
31-01-2017,251.929993
01-02-2017,249.240005
02-02-2017,251.550003
03-02-2017,251.330002
06-02-2017,257.769989
07-02-2017,257.480011
08-02-2017,262.079987
09-02-2017,269.200012
10-02-2017,269.230011
13-02-2017,280.600006
14-02-2017,280.980011
15-02-2017,279.76001
16-02-2017,268.950012
17-02-2017,272.230011
21-02-2017,277.390015
22-02-2017,273.51001
23-02-2017,255.990005
24-02-2017,257
27-02-2017,246.229996
28-02-2017,249.990005
01-03-2017,250.020004
02-03-2017,250.479996
03-03-2017,251.570007
06-03-2017,251.210007
07-03-2017,248.589996
08-03-2017,246.869995
09-03-2017,244.899994
10-03-2017,243.690002
13-03-2017,246.169998
14-03-2017,258
15-03-2017,255.729996
16-03-2017,262.049988
17-03-2017,261.5
20-03-2017,261.920013
21-03-2017,250.679993
22-03-2017,255.009995
23-03-2017,254.779999
24-03-2017,263.160004
27-03-2017,270.220001
28-03-2017,277.450012
29-03-2017,277.380005
30-03-2017,277.920013
31-03-2017,278.299988
03-04-2017,298.519989
04-04-2017,303.700012
05-04-2017,295
06-04-2017,298.700012
07-04-2017,302.540009
10-04-2017,312.390015
11-04-2017,308.709991
12-04-2017,296.839996
13-04-2017,304
17-04-2017,301.440002
18-04-2017,300.25
19-04-2017,305.519989
20-04-2017,302.51001
21-04-2017,305.600006
24-04-2017,308.029999
25-04-2017,313.790009
26-04-2017,310.170013
27-04-2017,308.630005
28-04-2017,314.070007
01-05-2017,322.829987
02-05-2017,318.890015
03-05-2017,311.019989
04-05-2017,295.459991
05-05-2017,308.350006
08-05-2017,307.190002
09-05-2017,321.26001
10-05-2017,325.220001
11-05-2017,323.100006
12-05-2017,324.809998
15-05-2017,315.880005
16-05-2017,317.01001
17-05-2017,306.109985
18-05-2017,313.059998
19-05-2017,310.829987
22-05-2017,310.350006
23-05-2017,303.859985
24-05-2017,310.220001
25-05-2017,316.829987
26-05-2017,325.140015
30-05-2017,335.100006
31-05-2017,341.01001
01-06-2017,340.369995
02-06-2017,339.850006
05-06-2017,347.320007
06-06-2017,352.850006
07-06-2017,359.649994
08-06-2017,370
09-06-2017,357.320007
12-06-2017,359.01001
13-06-2017,375.950012
14-06-2017,380.660004
15-06-2017,375.339996
16-06-2017,371.399994
19-06-2017,369.799988
20-06-2017,372.23999
21-06-2017,376.399994
22-06-2017,382.609985
23-06-2017,383.450012
26-06-2017,377.48999
27-06-2017,362.369995
28-06-2017,371.23999
29-06-2017,360.75
30-06-2017,361.609985
03-07-2017,352.619995
05-07-2017,327.089996
06-07-2017,308.829987
07-07-2017,313.220001
10-07-2017,316.049988
11-07-2017,327.220001
12-07-2017,329.519989
13-07-2017,323.410004
14-07-2017,327.779999
17-07-2017,319.570007
18-07-2017,328.23999
19-07-2017,325.26001
20-07-2017,329.920013
21-07-2017,328.399994
24-07-2017,342.519989
25-07-2017,339.600006
26-07-2017,343.850006
27-07-2017,334.459991
28-07-2017,335.070007
31-07-2017,323.470001
01-08-2017,319.570007
02-08-2017,325.890015
03-08-2017,347.089996
04-08-2017,356.910004
07-08-2017,355.170013
08-08-2017,365.220001
09-08-2017,363.529999
10-08-2017,355.399994
11-08-2017,357.869995
14-08-2017,363.799988
15-08-2017,362.329987
16-08-2017,362.910004
17-08-2017,351.920013
18-08-2017,347.459991
21-08-2017,337.859985
22-08-2017,341.350006
23-08-2017,352.769989
24-08-2017,352.929993
25-08-2017,348.049988
28-08-2017,345.660004
29-08-2017,347.359985
30-08-2017,353.179993
31-08-2017,355.899994
01-09-2017,355.399994
05-09-2017,349.589996
06-09-2017,344.529999
07-09-2017,350.609985
08-09-2017,343.399994
11-09-2017,363.690002
12-09-2017,362.75
13-09-2017,366.230011
14-09-2017,377.640015
15-09-2017,379.809998
18-09-2017,385
19-09-2017,375.100006
20-09-2017,373.910004
21-09-2017,366.480011
22-09-2017,351.089996
25-09-2017,344.98999
26-09-2017,345.25
27-09-2017,340.970001
28-09-2017,339.600006
29-09-2017,341.100006
02-10-2017,341.529999
03-10-2017,348.140015
04-10-2017,355.01001
05-10-2017,355.329987
06-10-2017,356.880005
09-10-2017,342.940002
10-10-2017,355.589996
11-10-2017,354.600006
12-10-2017,355.679993
13-10-2017,355.570007
16-10-2017,350.600006
17-10-2017,355.75
18-10-2017,359.649994
19-10-2017,351.809998
20-10-2017,345.100006
23-10-2017,337.019989
24-10-2017,337.339996
25-10-2017,325.839996
26-10-2017,326.170013
27-10-2017,320.869995
30-10-2017,320.079987
31-10-2017,331.529999
01-11-2017,321.079987
02-11-2017,299.26001
03-11-2017,306.089996
06-11-2017,302.779999
07-11-2017,306.049988
08-11-2017,304.390015
09-11-2017,302.98999
10-11-2017,302.98999
13-11-2017,315.399994
14-11-2017,308.700012
15-11-2017,311.299988
16-11-2017,312.5
17-11-2017,315.049988
20-11-2017,308.73999
21-11-2017,317.809998
22-11-2017,312.600006
24-11-2017,315.549988
27-11-2017,316.809998
28-11-2017,317.549988
29-11-2017,307.540009
30-11-2017,308.850006
01-12-2017,306.529999
04-12-2017,305.200012
05-12-2017,303.700012
06-12-2017,313.26001
07-12-2017,311.23999
08-12-2017,315.130005
11-12-2017,328.910004
12-12-2017,341.029999
13-12-2017,339.029999
14-12-2017,337.890015
15-12-2017,343.450012
18-12-2017,338.869995
19-12-2017,331.100006
20-12-2017,328.980011
21-12-2017,331.660004
22-12-2017,325.200012
26-12-2017,317.290009
27-12-2017,311.640015
28-12-2017,315.359985
29-12-2017,311.350006
02-01-2018,320.529999
03-01-2018,317.25
04-01-2018,314.619995
05-01-2018,316.579987
08-01-2018,336.410004
09-01-2018,333.690002
10-01-2018,334.799988
11-01-2018,337.950012
12-01-2018,336.220001
16-01-2018,340.059998
17-01-2018,347.160004
18-01-2018,344.570007
19-01-2018,350.019989
22-01-2018,351.559998
23-01-2018,352.790009
24-01-2018,345.890015
25-01-2018,337.640015
26-01-2018,342.850006
29-01-2018,349.529999
30-01-2018,345.820007
31-01-2018,354.309998
01-02-2018,349.25
02-02-2018,343.75
05-02-2018,333.130005
06-02-2018,333.970001
07-02-2018,345
08-02-2018,315.230011
09-02-2018,310.420013
12-02-2018,315.730011
13-02-2018,323.660004
14-02-2018,322.309998
15-02-2018,334.070007
16-02-2018,335.48999
20-02-2018,334.769989
21-02-2018,333.299988
22-02-2018,346.170013
23-02-2018,352.049988
26-02-2018,357.420013
27-02-2018,350.98999
28-02-2018,343.059998
01-03-2018,330.929993
02-03-2018,335.119995
05-03-2018,333.350006
06-03-2018,328.200012
07-03-2018,332.299988
08-03-2018,329.100006
09-03-2018,327.170013
12-03-2018,345.51001
13-03-2018,341.839996
14-03-2018,326.630005
15-03-2018,325.600006
16-03-2018,321.350006
19-03-2018,313.559998
20-03-2018,310.549988
21-03-2018,316.529999
22-03-2018,309.100006
23-03-2018,301.540009
26-03-2018,304.179993
27-03-2018,279.179993
28-03-2018,257.779999
29-03-2018,266.130005
02-04-2018,252.479996
03-04-2018,267.529999
04-04-2018,286.940002
05-04-2018,305.720001
06-04-2018,299.299988
09-04-2018,289.660004
10-04-2018,304.700012
11-04-2018,300.929993
12-04-2018,294.079987
13-04-2018,300.339996
16-04-2018,291.209991
17-04-2018,287.690002
18-04-2018,293.350006
19-04-2018,300.079987
20-04-2018,290.23999
23-04-2018,283.369995
24-04-2018,283.459991
25-04-2018,280.690002
26-04-2018,285.480011
27-04-2018,294.079987
30-04-2018,293.899994
01-05-2018,299.920013
02-05-2018,301.149994
03-05-2018,284.450012
04-05-2018,294.089996
07-05-2018,302.769989
08-05-2018,301.970001
09-05-2018,306.850006
10-05-2018,305.019989
11-05-2018,301.059998
14-05-2018,291.970001
15-05-2018,284.179993
16-05-2018,286.480011
17-05-2018,284.540009
18-05-2018,276.820007
21-05-2018,284.48999
22-05-2018,275.01001
23-05-2018,279.070007
24-05-2018,277.850006
25-05-2018,278.850006
29-05-2018,283.76001
30-05-2018,291.720001
31-05-2018,284.730011
01-06-2018,291.820007
04-06-2018,296.73999
05-06-2018,291.130005
06-06-2018,319.5
07-06-2018,316.089996
08-06-2018,317.660004
11-06-2018,332.100006
12-06-2018,342.769989
13-06-2018,344.779999
14-06-2018,357.720001
15-06-2018,358.170013
18-06-2018,370.829987
19-06-2018,352.549988
20-06-2018,362.220001
21-06-2018,347.51001
22-06-2018,333.630005
25-06-2018,333.01001
26-06-2018,342
27-06-2018,344.5
28-06-2018,349.929993
29-06-2018,342.950012
02-07-2018,335.070007
03-07-2018,310.859985
05-07-2018,309.160004
06-07-2018,308.899994
09-07-2018,318.51001
10-07-2018,322.470001
11-07-2018,318.959991
12-07-2018,316.709991
13-07-2018,318.869995
16-07-2018,310.100006
17-07-2018,322.690002
18-07-2018,323.850006
19-07-2018,320.230011
20-07-2018,313.579987
23-07-2018,303.200012
24-07-2018,297.429993
25-07-2018,308.73999
26-07-2018,306.649994
27-07-2018,297.179993
30-07-2018,290.170013
31-07-2018,298.140015
01-08-2018,300.839996
02-08-2018,349.540009
03-08-2018,348.170013
06-08-2018,341.98999
07-08-2018,379.570007
08-08-2018,370.339996
09-08-2018,352.450012
10-08-2018,355.48999
13-08-2018,356.410004
14-08-2018,347.640015
15-08-2018,338.690002
16-08-2018,335.450012
17-08-2018,305.5
20-08-2018,308.440002
21-08-2018,321.899994
22-08-2018,321.640015
23-08-2018,320.100006
24-08-2018,322.820007
27-08-2018,319.269989
28-08-2018,311.859985
29-08-2018,305.01001
30-08-2018,303.149994
31-08-2018,301.660004
04-09-2018,288.950012
05-09-2018,280.73999
06-09-2018,280.950012
07-09-2018,263.23999
10-09-2018,285.5
11-09-2018,279.440002
12-09-2018,290.540009
13-09-2018,289.459991
14-09-2018,295.200012
17-09-2018,294.839996
18-09-2018,284.959991
19-09-2018,299.019989
20-09-2018,298.329987
21-09-2018,299.100006
24-09-2018,299.679993
25-09-2018,300.98999
26-09-2018,309.579987
27-09-2018,307.519989
28-09-2018,264.769989
01-10-2018,310.700012
02-10-2018,301.019989
03-10-2018,294.799988
04-10-2018,281.829987
05-10-2018,261.950012
08-10-2018,250.559998
09-10-2018,262.799988
10-10-2018,256.880005
11-10-2018,252.229996
12-10-2018,258.779999
15-10-2018,259.589996
16-10-2018,276.589996
17-10-2018,271.779999
18-10-2018,263.910004
19-10-2018,260
22-10-2018,260.950012
23-10-2018,294.140015
24-10-2018,288.5
25-10-2018,314.859985
26-10-2018,330.899994
29-10-2018,334.850006
30-10-2018,329.899994
31-10-2018,337.320007
01-11-2018,344.279999
02-11-2018,346.410004
05-11-2018,341.399994
06-11-2018,341.059998
07-11-2018,348.160004
08-11-2018,351.399994
09-11-2018,350.51001
12-11-2018,331.279999
13-11-2018,338.730011
14-11-2018,344
15-11-2018,348.440002
16-11-2018,354.309998
19-11-2018,353.470001
20-11-2018,347.48999
21-11-2018,338.190002
23-11-2018,325.829987
26-11-2018,346
27-11-2018,343.920013
28-11-2018,347.869995
29-11-2018,341.170013
30-11-2018,350.480011
03-12-2018,358.48999
04-12-2018,359.700012
06-12-2018,363.059998
07-12-2018,357.970001
10-12-2018,365.149994
11-12-2018,366.76001
12-12-2018,366.600006
13-12-2018,376.790009
14-12-2018,365.709991
17-12-2018,348.420013
18-12-2018,337.029999
19-12-2018,332.970001
20-12-2018,315.380005
21-12-2018,319.769989
24-12-2018,295.390015
26-12-2018,326.089996
27-12-2018,316.130005
28-12-2018,333.869995
31-12-2018,332.799988
02-01-2019,310.119995
03-01-2019,300.359985
04-01-2019,317.690002
07-01-2019,334.959991
08-01-2019,335.350006
09-01-2019,338.529999
10-01-2019,344.970001
11-01-2019,347.26001
14-01-2019,334.399994
15-01-2019,344.429993
16-01-2019,346.049988
17-01-2019,347.309998
18-01-2019,302.26001
22-01-2019,298.920013
23-01-2019,287.589996
24-01-2019,291.51001
25-01-2019,297.040009
28-01-2019,296.380005
29-01-2019,297.459991
30-01-2019,308.769989
31-01-2019,307.019989
01-02-2019,312.209991
04-02-2019,312.890015
05-02-2019,321.350006
06-02-2019,317.220001
07-02-2019,307.51001
08-02-2019,305.799988
11-02-2019,312.839996
12-02-2019,311.809998
13-02-2019,308.170013
14-02-2019,303.769989
15-02-2019,307.880005
19-02-2019,305.640015
20-02-2019,302.559998
21-02-2019,291.230011
22-02-2019,294.709991
25-02-2019,298.769989
26-02-2019,297.859985
27-02-2019,314.73999
28-02-2019,319.880005
01-03-2019,294.790009
04-03-2019,285.359985
05-03-2019,276.540009
06-03-2019,276.23999
07-03-2019,276.589996
08-03-2019,284.140015
11-03-2019,290.920013
12-03-2019,283.359985
13-03-2019,288.959991
14-03-2019,289.959991
15-03-2019,275.429993
18-03-2019,269.48999
19-03-2019,267.470001
20-03-2019,273.600006
21-03-2019,274.019989
22-03-2019,264.529999
25-03-2019,260.420013
26-03-2019,267.769989
27-03-2019,274.829987
28-03-2019,278.619995
29-03-2019,279.859985
01-04-2019,289.179993
02-04-2019,285.880005
03-04-2019,291.809998
04-04-2019,267.779999
05-04-2019,274.959991
08-04-2019,273.200012
09-04-2019,272.309998
10-04-2019,276.059998
11-04-2019,268.420013
12-04-2019,267.700012
15-04-2019,266.380005
16-04-2019,273.359985
17-04-2019,271.230011
18-04-2019,273.26001
22-04-2019,262.75
23-04-2019,263.899994
24-04-2019,258.660004
25-04-2019,247.630005
26-04-2019,235.139999
29-04-2019,241.470001
30-04-2019,238.690002
01-05-2019,234.009995
02-05-2019,244.100006
03-05-2019,255.029999
06-05-2019,255.339996
07-05-2019,247.059998
08-05-2019,244.839996
09-05-2019,241.979996
10-05-2019,239.520004
13-05-2019,227.009995
14-05-2019,232.309998
15-05-2019,231.949997
16-05-2019,228.330002
17-05-2019,211.029999
20-05-2019,205.360001
21-05-2019,205.080002
22-05-2019,192.729996
23-05-2019,195.490005
24-05-2019,190.630005
28-05-2019,188.699997
29-05-2019,189.860001
30-05-2019,188.220001
31-05-2019,185.160004
03-06-2019,178.970001
04-06-2019,193.600006
05-06-2019,196.589996
06-06-2019,205.949997
07-06-2019,204.5
10-06-2019,212.880005
11-06-2019,217.100006
12-06-2019,209.259995
13-06-2019,213.910004
14-06-2019,214.919998
17-06-2019,225.029999
18-06-2019,224.740005
19-06-2019,226.429993
20-06-2019,219.619995
21-06-2019,221.860001
24-06-2019,223.639999
25-06-2019,219.759995
26-06-2019,219.270004
27-06-2019,222.839996
28-06-2019,223.460007
01-07-2019,227.169998
02-07-2019,224.550003
03-07-2019,234.899994
05-07-2019,233.100006
08-07-2019,230.339996
09-07-2019,230.059998
10-07-2019,238.919998
11-07-2019,238.600006
12-07-2019,245.080002
15-07-2019,253.5
16-07-2019,252.380005
17-07-2019,254.860001
18-07-2019,253.539993
19-07-2019,258.179993
22-07-2019,255.679993
23-07-2019,260.170013
24-07-2019,264.880005
25-07-2019,228.820007
26-07-2019,228.039993
29-07-2019,235.770004
30-07-2019,242.259995
31-07-2019,241.610001
01-08-2019,233.850006
02-08-2019,234.339996
05-08-2019,228.320007
06-08-2019,230.75
07-08-2019,233.419998
08-08-2019,238.300003
09-08-2019,235.009995
12-08-2019,229.009995
13-08-2019,235
14-08-2019,219.619995
15-08-2019,215.639999
16-08-2019,219.940002
19-08-2019,226.830002
20-08-2019,225.860001
21-08-2019,220.830002
22-08-2019,222.149994
23-08-2019,211.399994
26-08-2019,215
27-08-2019,214.080002
28-08-2019,215.589996
29-08-2019,221.710007
30-08-2019,225.610001
03-09-2019,225.009995
04-09-2019,220.679993
05-09-2019,229.580002
06-09-2019,227.449997
09-09-2019,231.789993
10-09-2019,235.539993
11-09-2019,247.100006
12-09-2019,245.869995
13-09-2019,245.199997
16-09-2019,242.809998
17-09-2019,244.789993
18-09-2019,243.490005
19-09-2019,246.600006
20-09-2019,240.619995
23-09-2019,241.229996
24-09-2019,223.210007
25-09-2019,228.699997
26-09-2019,242.559998
27-09-2019,242.130005
30-09-2019,240.869995
01-10-2019,244.690002
02-10-2019,243.130005
03-10-2019,233.029999
04-10-2019,231.429993
07-10-2019,237.720001
08-10-2019,240.050003
09-10-2019,244.529999
10-10-2019,244.740005
11-10-2019,247.889999
14-10-2019,256.959991
15-10-2019,257.890015
16-10-2019,259.75
17-10-2019,261.970001
18-10-2019,256.950012
21-10-2019,253.5
22-10-2019,255.580002
23-10-2019,254.679993
24-10-2019,299.679993
25-10-2019,328.130005
28-10-2019,327.709991
29-10-2019,316.220001
30-10-2019,315.01001
31-10-2019,314.920013
01-11-2019,313.309998
04-11-2019,317.470001
05-11-2019,317.220001
06-11-2019,326.579987
07-11-2019,335.540009
08-11-2019,337.140015
11-11-2019,345.089996
12-11-2019,349.929993
13-11-2019,346.109985
14-11-2019,349.350006
15-11-2019,352.170013
18-11-2019,349.98999
19-11-2019,359.519989
20-11-2019,352.220001
21-11-2019,354.829987
22-11-2019,333.040009
25-11-2019,336.339996
26-11-2019,328.920013
27-11-2019,331.290009
29-11-2019,329.940002
02-12-2019,334.869995
03-12-2019,336.200012
04-12-2019,333.029999
05-12-2019,330.369995
06-12-2019,335.890015
09-12-2019,339.529999
10-12-2019,348.839996
11-12-2019,352.700012
12-12-2019,359.679993
13-12-2019,358.390015
16-12-2019,381.5
17-12-2019,378.98999
18-12-2019,393.149994
19-12-2019,404.040009
20-12-2019,405.589996
23-12-2019,419.220001
24-12-2019,425.25
26-12-2019,430.940002
27-12-2019,430.380005
30-12-2019,414.700012
31-12-2019,418.329987
02-01-2020,430.26001
03-01-2020,443.01001
06-01-2020,451.540009
07-01-2020,469.059998
08-01-2020,492.140015
09-01-2020,481.339996
10-01-2020,478.149994
13-01-2020,524.859985
14-01-2020,537.919983
15-01-2020,518.5
16-01-2020,513.48999
17-01-2020,510.5
21-01-2020,547.200012
22-01-2020,569.559998
23-01-2020,572.200012
24-01-2020,564.820007
27-01-2020,558.02002
28-01-2020,566.900024
29-01-2020,580.98999
30-01-2020,640.809998
31-01-2020,650.570007
03-02-2020,780
